name,0
83,0.8934365964213956
96,0.8141041738165051
27,0.7647474951677565
81,0.7468474446065033
79,0.6563245318624936
