carrier,energy_mwh
nuclear,546410744.88623
solar-hsat,477381773.36757
coal,410894938.54166
Onshore Wind,407763336.8455
lignite,292239991.84624
Run of River,119759761.24315
Combined-Cycle Gas,99818879.94873
biomass,57141296.25685
Solar,14640002.04915
geothermal,516548.07269
Offshore Wind (AC),734.46178
Offshore Wind (DC),655.41042
Offshore Wind (Floating),409.77984
oil,57.90786
Open-Cycle Gas,25.45594
