carrier,p_nom_mod
onwind,129513.89954911402
solar,15815.865642420296
solar-hsat,326043.16513638315
